{
  "properties": {
    "connectionReferences": {
      "shared_sharepointonline": {
        "runtimeSource": "embedded",
        "connection": {
          "connectionReferenceLogicalName": "uclp2023_sharedsharepointonline_2402e"
        },
        "api": {
          "name": "shared_sharepointonline"
        }
      }
    },
    "definition": {
      "$schema": "https://schema.management.azure.com/providers/Microsoft.Logic/schemas/2016-06-01/workflowdefinition.json#",
      "contentVersion": "1.0.0.0",
      "parameters": {
        "$connections": {
          "defaultValue": {},
          "type": "Object"
        },
        "$authentication": {
          "defaultValue": {},
          "type": "SecureObject"
        },
        "Task Record Site (uclp2023_TaskRecordSite)": {
          "defaultValue": "https://uclmicrosoftnhs.sharepoint.com/sites/Task-Record",
          "type": "String",
          "metadata": {
            "schemaName": "uclp2023_TaskRecordSite"
          }
        },
        "Task Daily List (uclp2023_TaskDailyList)": {
          "defaultValue": "a8237666-3017-496a-88ec-c166a4050062",
          "type": "String",
          "metadata": {
            "schemaName": "uclp2023_TaskDailyList"
          }
        },
        "Task Temp Weekly List (uclp2023_TaskTempWeeklyList)": {
          "defaultValue": "da5e2076-721b-4adb-8986-b3d39f35be1e",
          "type": "String",
          "metadata": {
            "schemaName": "uclp2023_TaskTempWeeklyList"
          }
        }
      },
      "triggers": {
        "Recurrence": {
          "recurrence": {
            "frequency": "Week",
            "interval": 1,
            "timeZone": "GMT Standard Time",
            "startTime": "2023-08-23T00:00:00Z",
            "schedule": {
              "hours": [
                "0"
              ],
              "minutes": [
                0
              ]
            }
          },
          "metadata": {
            "operationMetadataId": "1cdc2e1b-6e1c-4a81-b8c4-bd9b2a94a347"
          },
          "type": "Recurrence"
        }
      },
      "actions": {
        "Get_items": {
          "runAfter": {},
          "metadata": {
            "operationMetadataId": "61ffcd7b-9259-47a0-b04c-d19815e05c97"
          },
          "type": "OpenApiConnection",
          "inputs": {
            "host": {
              "connectionName": "shared_sharepointonline",
              "operationId": "GetItems",
              "apiId": "/providers/Microsoft.PowerApps/apis/shared_sharepointonline"
            },
            "parameters": {
              "dataset": "@parameters('Task Record Site (uclp2023_TaskRecordSite)')",
              "table": "@parameters('Task Temp Weekly List (uclp2023_TaskTempWeeklyList)')"
            },
            "authentication": "@parameters('$authentication')"
          }
        },
        "Convert_time_zone": {
          "runAfter": {
            "Get_items": [
              "Succeeded"
            ]
          },
          "metadata": {
            "operationMetadataId": "a55e0c92-133e-441d-9bb1-419560bbf869"
          },
          "type": "Expression",
          "kind": "ConvertTimeZone",
          "inputs": {
            "baseTime": "@{utcNow()}",
            "formatString": "s",
            "sourceTimeZone": "UTC",
            "destinationTimeZone": "GMT Standard Time"
          }
        },
        "Apply_to_each_2": {
          "foreach": "@outputs('Get_items')?['body/value']",
          "actions": {
            "Add_to_time": {
              "runAfter": {},
              "metadata": {
                "operationMetadataId": "52d9e7b1-2e30-48af-8546-0a2ad2ec9885"
              },
              "type": "Expression",
              "kind": "AddToTime",
              "inputs": {
                "baseTime": "@{concat(substring(body('Convert_time_zone'),0,10),'T00:00:00')}",
                "interval": 7,
                "timeUnit": "Day"
              }
            },
            "Create_item_2": {
              "runAfter": {
                "GenerateTime": [
                  "Succeeded"
                ]
              },
              "metadata": {
                "operationMetadataId": "d9193d7a-da68-4379-bc1c-c16962673f24"
              },
              "type": "OpenApiConnection",
              "inputs": {
                "host": {
                  "connectionName": "shared_sharepointonline",
                  "operationId": "PostItem",
                  "apiId": "/providers/Microsoft.PowerApps/apis/shared_sharepointonline"
                },
                "parameters": {
                  "dataset": "@parameters('Task Record Site (uclp2023_TaskRecordSite)')",
                  "table": "@parameters('Task Daily List (uclp2023_TaskDailyList)')",
                  "item/Completed": false,
                  "item/field_2": "@items('Apply_to_each_2')?['Title']",
                  "item/field_3": "@items('Apply_to_each_2')?['field_3']",
                  "item/field_5": "@body('DueTime_-_Convert_to_UTC')",
                  "item/field_9": "@concat(items('Apply_to_each_2')?['field_5'],'-',string(convertFromUtc(utcNow(), 'GMT Standard Time', 'dd-MM-yyyy')))",
                  "item/TaskRefused": false,
                  "item/field_15": "@items('Apply_to_each_2')?['field_1']",
                  "item/GenerateDate": "@body('GenerateTime')",
                  "item/UnitID": "@items('Apply_to_each_2')?['field_5']"
                },
                "authentication": "@parameters('$authentication')"
              }
            },
            "DueTime_-_Convert_to_UTC": {
              "runAfter": {
                "Add_to_time": [
                  "Succeeded"
                ]
              },
              "metadata": {
                "operationMetadataId": "4439430c-c9db-4ba7-be39-b0e181cb50f2"
              },
              "type": "Expression",
              "kind": "ConvertTimeZone",
              "inputs": {
                "baseTime": "@body('Add_to_time')",
                "formatString": "s",
                "sourceTimeZone": "GMT Standard Time",
                "destinationTimeZone": "UTC"
              }
            },
            "GenerateTime": {
              "runAfter": {
                "DueTime_-_Convert_to_UTC": [
                  "Succeeded"
                ]
              },
              "metadata": {
                "operationMetadataId": "85588c1b-8f17-4ac9-8fa4-0586e6eda768"
              },
              "type": "Expression",
              "kind": "ConvertTimeZone",
              "inputs": {
                "baseTime": "@{concat(substring(body('Convert_time_zone'),0,10),'T00:00:00')}",
                "formatString": "s",
                "sourceTimeZone": "GMT Standard Time",
                "destinationTimeZone": "UTC"
              }
            }
          },
          "runAfter": {
            "Convert_time_zone": [
              "Succeeded"
            ]
          },
          "metadata": {
            "operationMetadataId": "073078b4-b88b-41b4-96cc-7096271b82bc"
          },
          "type": "Foreach"
        }
      }
    },
    "templateName": ""
  },
  "schemaVersion": "1.0.0.0"
}