<ImportExportXml xmlns:xsi="http://www.w3.org/2001/XMLSchema-instance">
  <Entities></Entities>
  <Roles></Roles>
  <Workflows>
    <Workflow WorkflowId="{99e9ed9f-754f-ee11-be6f-000d3a339520}" Name="Task Generate-Daily">
      <JsonFileName>/Workflows/TaskGenerate-Daily-99E9ED9F-754F-EE11-BE6F-000D3A339520.json</JsonFileName>
      <Type>1</Type>
      <Subprocess>0</Subprocess>
      <Category>5</Category>
      <Mode>0</Mode>
      <Scope>4</Scope>
      <OnDemand>0</OnDemand>
      <TriggerOnCreate>0</TriggerOnCreate>
      <TriggerOnDelete>0</TriggerOnDelete>
      <AsyncAutodelete>0</AsyncAutodelete>
      <SyncWorkflowLogOnFailure>0</SyncWorkflowLogOnFailure>
      <StateCode>1</StateCode>
      <StatusCode>2</StatusCode>
      <RunAs>1</RunAs>
      <IsTransacted>1</IsTransacted>
      <IntroducedVersion>1.0.0.0</IntroducedVersion>
      <IsCustomizable>1</IsCustomizable>
      <BusinessProcessType>0</BusinessProcessType>
      <IsCustomProcessingStepAllowedForOtherPublishers>1</IsCustomProcessingStepAllowedForOtherPublishers>
      <PrimaryEntity>none</PrimaryEntity>
      <LocalizedNames>
        <LocalizedName languagecode="1033" description="Task Generate-Daily" />
      </LocalizedNames>
    </Workflow>
    <Workflow WorkflowId="{9ae9ed9f-754f-ee11-be6f-000d3a339520}" Name="Task Generate-Weekly">
      <JsonFileName>/Workflows/TaskGenerate-Weekly-9AE9ED9F-754F-EE11-BE6F-000D3A339520.json</JsonFileName>
      <Type>1</Type>
      <Subprocess>0</Subprocess>
      <Category>5</Category>
      <Mode>0</Mode>
      <Scope>4</Scope>
      <OnDemand>0</OnDemand>
      <TriggerOnCreate>0</TriggerOnCreate>
      <TriggerOnDelete>0</TriggerOnDelete>
      <AsyncAutodelete>0</AsyncAutodelete>
      <SyncWorkflowLogOnFailure>0</SyncWorkflowLogOnFailure>
      <StateCode>1</StateCode>
      <StatusCode>2</StatusCode>
      <RunAs>1</RunAs>
      <IsTransacted>1</IsTransacted>
      <IntroducedVersion>1.0.0.0</IntroducedVersion>
      <IsCustomizable>1</IsCustomizable>
      <BusinessProcessType>0</BusinessProcessType>
      <IsCustomProcessingStepAllowedForOtherPublishers>1</IsCustomProcessingStepAllowedForOtherPublishers>
      <PrimaryEntity>none</PrimaryEntity>
      <LocalizedNames>
        <LocalizedName languagecode="1033" description="Task Generate-Weekly" />
      </LocalizedNames>
    </Workflow>
    <Workflow WorkflowId="{9be9ed9f-754f-ee11-be6f-000d3a339520}" Name="Task Generate-Monthly">
      <JsonFileName>/Workflows/TaskGenerate-Monthly-9BE9ED9F-754F-EE11-BE6F-000D3A339520.json</JsonFileName>
      <Type>1</Type>
      <Subprocess>0</Subprocess>
      <Category>5</Category>
      <Mode>0</Mode>
      <Scope>4</Scope>
      <OnDemand>0</OnDemand>
      <TriggerOnCreate>0</TriggerOnCreate>
      <TriggerOnDelete>0</TriggerOnDelete>
      <AsyncAutodelete>0</AsyncAutodelete>
      <SyncWorkflowLogOnFailure>0</SyncWorkflowLogOnFailure>
      <StateCode>1</StateCode>
      <StatusCode>2</StatusCode>
      <RunAs>1</RunAs>
      <IsTransacted>1</IsTransacted>
      <IntroducedVersion>1.0.0.0</IntroducedVersion>
      <IsCustomizable>1</IsCustomizable>
      <BusinessProcessType>0</BusinessProcessType>
      <IsCustomProcessingStepAllowedForOtherPublishers>1</IsCustomProcessingStepAllowedForOtherPublishers>
      <PrimaryEntity>none</PrimaryEntity>
      <LocalizedNames>
        <LocalizedName languagecode="1033" description="Task Generate-Monthly" />
      </LocalizedNames>
    </Workflow>
  </Workflows>
  <FieldSecurityProfiles></FieldSecurityProfiles>
  <Templates />
  <EntityMaps />
  <EntityRelationships />
  <OrganizationSettings />
  <optionsets />
  <CustomControls />
  <EntityDataProviders />
  <CanvasApps>
    <CanvasApp>
      <Name>uclp2023_tascareadminapplication_69509</Name>
      <AppVersion>2023-09-10T22:27:38Z</AppVersion>
      <Status>NotReady</Status>
      <CreatedByClientVersion>3.23083.17.0</CreatedByClientVersion>
      <MinClientVersion>3.23083.17.0</MinClientVersion>
      <Tags>{"primaryDeviceWidth":"1366","primaryDeviceHeight":"768","supportsPortrait":"true","supportsLandscape":"true","primaryFormFactor":"Tablet","showStatusBar":"false","publisherVersion":"3.23083.17","minimumRequiredApiVersion":"2.2.0","hasComponent":"false","hasUnlockedComponent":"false","isUnifiedRootApp":"false","sienaVersion":"20230910T003641Z-3.23083.17.0"}</Tags>
      <IsCdsUpgraded>0</IsCdsUpgraded>
      <GalleryItemId xsi:nil="true"></GalleryItemId>
      <BackgroundColor>rgba(153, 160, 196, 1)</BackgroundColor>
      <DisplayName>TasCare Admin Application</DisplayName>
      <Description xsi:nil="true"></Description>
      <CommitMessage xsi:nil="true"></CommitMessage>
      <Publisher xsi:nil="true"></Publisher>
      <AuthorizationReferences>[]</AuthorizationReferences>
      <ConnectionReferences>{"caefca24-ccdb-492f-8903-dc254b676a95":{"id":"/providers/microsoft.powerapps/apis/shared_sharepointonline","displayName":"SharePoint","iconUri":"https://connectoricons-prod.azureedge.net/u/henryorsborn/partial-builds/asev3migrations-with-resourceTemplate/1.0.1653.3403/sharepointonline/icon.png","dataSources":["Task Emp List","Task Temp Daily List","Task Temp Monthly List","Task Temp Weekly List"],"dependencies":[],"dependents":[],"parameterHints":{},"parameterHintsV2":{},"isOnPremiseConnection":false,"bypassConsent":false,"dataSets":{"https://uclmicrosoftnhs.sharepoint.com/sites/Task-Record_uclp2023_TaskRecordSite":{"datasetOverride":{"environmentVariableName":"uclp2023_TaskRecordSite"},"dataSources":{"Task Emp List":{"tableName":"d7d43e5d-3060-4b0b-a247-92654676b8c8","tableNameOverride":{"environmentVariableName":"uclp2023_TaskEmpList"}},"Task Temp Daily List":{"tableName":"d439d113-df65-47c0-ac82-fc67024f0827","tableNameOverride":{"environmentVariableName":"uclp2023_TaskTempDailyList"}},"Task Temp Monthly List":{"tableName":"b88c5b10-714a-4873-82da-a2300b9849a7","tableNameOverride":{"environmentVariableName":"uclp2023_TaskTempMonthlyList"}},"Task Temp Weekly List":{"tableName":"da5e2076-721b-4adb-8986-b3d39f35be1e","tableNameOverride":{"environmentVariableName":"uclp2023_TaskTempWeeklyList"}}}}},"apiTier":"Standard","actions":["providers/PowerPlatform.Governance/Operations/Read","providers/PowerPlatform.Governance/Operations/Write"]}}</ConnectionReferences>
      <DatabaseReferences>{}</DatabaseReferences>
      <AppComponents>[]</AppComponents>
      <AppComponentDependencies>[]</AppComponentDependencies>
      <CanConsumeAppPass>1</CanConsumeAppPass>
      <CanvasAppType>0</CanvasAppType>
      <BypassConsent>0</BypassConsent>
      <AdminControlBypassConsent>0</AdminControlBypassConsent>
      <EmbeddedApp xsi:nil="true"></EmbeddedApp>
      <IntroducedVersion>1.0</IntroducedVersion>
      <CdsDependencies>{"cdsdependencies":[{"logicalname":"uclp2023_TaskRecordSite","componenttype":380,"componenttypeplatformname":"EnvironmentVariableDefinition"},{"logicalname":"uclp2023_TaskEmpList","componenttype":380,"componenttypeplatformname":"EnvironmentVariableDefinition"},{"logicalname":"uclp2023_TaskTempDailyList","componenttype":380,"componenttypeplatformname":"EnvironmentVariableDefinition"},{"logicalname":"uclp2023_TaskTempMonthlyList","componenttype":380,"componenttypeplatformname":"EnvironmentVariableDefinition"},{"logicalname":"uclp2023_TaskTempWeeklyList","componenttype":380,"componenttypeplatformname":"EnvironmentVariableDefinition"}]}</CdsDependencies>
      <IsCustomizable>1</IsCustomizable>
      <BackgroundImageUri>/CanvasApps/uclp2023_tascareadminapplication_69509_BackgroundImageUri</BackgroundImageUri>
      <DocumentUri>/CanvasApps/uclp2023_tascareadminapplication_69509_DocumentUri.msapp</DocumentUri>
    </CanvasApp>
    <CanvasApp>
      <Name>uclp2023_tascare_803a0</Name>
      <AppVersion>2023-09-10T22:32:48Z</AppVersion>
      <Status>NotReady</Status>
      <CreatedByClientVersion>3.23083.17.0</CreatedByClientVersion>
      <MinClientVersion>3.23083.17.0</MinClientVersion>
      <Tags>{"primaryDeviceWidth":"640","primaryDeviceHeight":"1136","sienaVersion":"20230910T213646Z-3.23083.17.0","deviceCapabilities":"","supportsPortrait":"true","supportsLandscape":"false","primaryFormFactor":"Phone","publisherVersion":"3.23083.17","minimumRequiredApiVersion":"2.2.0","hasComponent":"true","hasUnlockedComponent":"true","isUnifiedRootApp":"false","optimizedForTeamsMeeting":"false","showStatusBar":"false"}</Tags>
      <IsCdsUpgraded>0</IsCdsUpgraded>
      <GalleryItemId xsi:nil="true"></GalleryItemId>
      <BackgroundColor>rgba(178, 162, 219, 1)</BackgroundColor>
      <DisplayName>TasCare</DisplayName>
      <Description>TasCare is a Power Apps designed for the day-to-day work for social care workers</Description>
      <CommitMessage xsi:nil="true"></CommitMessage>
      <Publisher xsi:nil="true"></Publisher>
      <AuthorizationReferences>[]</AuthorizationReferences>
      <ConnectionReferences>{"8c9fd3ec-177d-401c-af89-90ba13dec76a":{"id":"/providers/microsoft.powerapps/apis/shared_sharepointonline","displayName":"SharePoint","iconUri":"https://connectoricons-prod.azureedge.net/u/henryorsborn/partial-builds/asev3migrations-with-resourceTemplate/1.0.1653.3403/sharepointonline/icon.png","dataSources":["Task Daily List","Task Emp List","Task Shift List","Task Incident List"],"dependencies":[],"dependents":[],"parameterHints":{},"parameterHintsV2":{},"isOnPremiseConnection":false,"bypassConsent":false,"dataSets":{"https://uclmicrosoftnhs.sharepoint.com/sites/Task-Record_uclp2023_TaskRecordSite":{"datasetOverride":{"environmentVariableName":"uclp2023_TaskRecordSite"},"dataSources":{"Task Daily List":{"tableName":"a8237666-3017-496a-88ec-c166a4050062","tableNameOverride":{"environmentVariableName":"uclp2023_TaskDailyList"}},"Task Emp List":{"tableName":"d7d43e5d-3060-4b0b-a247-92654676b8c8","tableNameOverride":{"environmentVariableName":"uclp2023_TaskEmpList"}},"Task Shift List":{"tableName":"ae1cdf72-7d34-4ca5-8452-13de5fe9277c","tableNameOverride":{"environmentVariableName":"uclp2023_TaskShiftList"}},"Task Incident List":{"tableName":"ba2591c8-26fc-43b4-bbb1-728c69cfba65","tableNameOverride":{"environmentVariableName":"uclp2023_TaskIncidentList"}}}}},"apiTier":"Standard","actions":["providers/PowerPlatform.Governance/Operations/Read","providers/PowerPlatform.Governance/Operations/Write"]}}</ConnectionReferences>
      <DatabaseReferences>{}</DatabaseReferences>
      <AppComponents>[]</AppComponents>
      <AppComponentDependencies>[{"appComponentName":"e499df6d52854e05b8f498b1420a7563","appName":"01967e1a-558a-4713-baa0-33d3822a39a2","appComponentLibraryName":"2ceca8dc-35c6-444f-b1d3-995df263ceaf","appComponentLibraryVersion":"2023-08-02T13:29:01Z","appComponentLibraryLogicalName":"cr7c7_componentlib_90f85","environmentName":"default-aea48856-3e55-45be-ba30-15334fd23af9"}]</AppComponentDependencies>
      <CanConsumeAppPass>1</CanConsumeAppPass>
      <CanvasAppType>0</CanvasAppType>
      <BypassConsent>0</BypassConsent>
      <AdminControlBypassConsent>0</AdminControlBypassConsent>
      <EmbeddedApp xsi:nil="true"></EmbeddedApp>
      <IntroducedVersion>1.0</IntroducedVersion>
      <CdsDependencies>{"cdsdependencies":[{"logicalname":"uclp2023_TaskRecordSite","componenttype":380,"componenttypeplatformname":"EnvironmentVariableDefinition"},{"logicalname":"uclp2023_TaskDailyList","componenttype":380,"componenttypeplatformname":"EnvironmentVariableDefinition"},{"logicalname":"uclp2023_TaskEmpList","componenttype":380,"componenttypeplatformname":"EnvironmentVariableDefinition"},{"logicalname":"uclp2023_TaskShiftList","componenttype":380,"componenttypeplatformname":"EnvironmentVariableDefinition"},{"logicalname":"uclp2023_TaskIncidentList","componenttype":380,"componenttypeplatformname":"EnvironmentVariableDefinition"},{"logicalname":"cr7c7_componentlib_90f85","componenttype":300,"componenttypeplatformname":"CanvasApp"}]}</CdsDependencies>
      <IsCustomizable>1</IsCustomizable>
      <BackgroundImageUri>/CanvasApps/uclp2023_tascare_803a0_BackgroundImageUri</BackgroundImageUri>
      <DocumentUri>/CanvasApps/uclp2023_tascare_803a0_DocumentUri.msapp</DocumentUri>
    </CanvasApp>
  </CanvasApps>
  <connectionreferences>
    <connectionreference connectionreferencelogicalname="uclp2023_sharedsharepointonline_2402e">
      <connectionreferencedisplayname>SharePoint TasCare-2402e</connectionreferencedisplayname>
      <connectorid>/providers/Microsoft.PowerApps/apis/shared_sharepointonline</connectorid>
      <iscustomizable>1</iscustomizable>
      <statecode>0</statecode>
      <statuscode>1</statuscode>
    </connectionreference>
  </connectionreferences>
  <Languages>
    <Language>1033</Language>
  </Languages>
</ImportExportXml>